uid	scene	sent	type	bucket	context	text	guess_speaker	guess_conf	gold_speaker	target	checked	note
1-0	1	0	action	物理	►罗伦斯还是未生出胡髭的少年时，跟着一位到访村里的旅行商人踏上了旅途。 ‖ 人们都说他的师傅是个奇怪的人。既不是直接教给罗伦斯行商的门路和技巧，也决计算不上亲切的监护者，但罗伦斯也并没有受到城镇商会的小学徒们所说的那种虐待。 ‖ 如今再回想起来，罗伦斯时常会好奇，野猫凭着一时的心血来潮养育了一只小狗的情况是否和他有些类似。再说，真要数落师傅的奇怪之处，说那是旅途生活中形成的，某种独特的人生观恐怕还更为恰当。	罗伦斯还是未生出胡髭的少年时，跟着一位到访村里的旅行商人踏上了旅途。	罗伦斯	0.55	罗伦斯			
1-1	1	1	action	物理	罗伦斯还是未生出胡髭的少年时，跟着一位到访村里的旅行商人踏上了旅途。 ‖ ►人们都说他的师傅是个奇怪的人。既不是直接教给罗伦斯行商的门路和技巧，也决计算不上亲切的监护者，但罗伦斯也并没有受到城镇商会的小学徒们所说的那种虐待。 ‖ 如今再回想起来，罗伦斯时常会好奇，野猫凭着一时的心血来潮养育了一只小狗的情况是否和他有些类似。再说，真要数落师傅的奇怪之处，说那是旅途生活中形成的，某种独特的人生观恐怕还更为恰当。 ‖ 如今罗伦斯的年纪已经与当时的师傅相去不远，时隔许久后他又踏上了旅途，望着偶然途经的城镇撒罗尼亚的秋日节庆，这些思绪忽然闪现在脑海中。	人们都说他的师傅是个奇怪的人。既不是直接教给罗伦斯行商的门路和技巧，也决计算不上亲切的监护者，但罗伦斯也并没有受到城镇商会的小学徒们所说的那种虐待。	罗伦斯	0.55	罗伦斯			
1-2	1	2	action	心理	罗伦斯还是未生出胡髭的少年时，跟着一位到访村里的旅行商人踏上了旅途。 ‖ 人们都说他的师傅是个奇怪的人。既不是直接教给罗伦斯行商的门路和技巧，也决计算不上亲切的监护者，但罗伦斯也并没有受到城镇商会的小学徒们所说的那种虐待。 ‖ ►如今再回想起来，罗伦斯时常会好奇，野猫凭着一时的心血来潮养育了一只小狗的情况是否和他有些类似。再说，真要数落师傅的奇怪之处，说那是旅途生活中形成的，某种独特的人生观恐怕还更为恰当。 ‖ 如今罗伦斯的年纪已经与当时的师傅相去不远，时隔许久后他又踏上了旅途，望着偶然途经的城镇撒罗尼亚的秋日节庆，这些思绪忽然闪现在脑海中。 ‖ 窗子框出的广场风景里可以看到人们建起了巨大的舞台，教会和城镇里有头面的人物站在上面像模像样地操办着仪式，冬日来临前最后的狂欢正在上演。	如今再回想起来，罗伦斯时常会好奇，野猫凭着一时的心血来潮养育了一只小狗的情况是否和他有些类似。再说，真要数落师傅的奇怪之处，说那是旅途生活中形成的，某种独特的人生观恐怕还更为恰当。	罗伦斯	0.55	罗伦斯			
1-3	1	3	action	心理	罗伦斯还是未生出胡髭的少年时，跟着一位到访村里的旅行商人踏上了旅途。 ‖ 人们都说他的师傅是个奇怪的人。既不是直接教给罗伦斯行商的门路和技巧，也决计算不上亲切的监护者，但罗伦斯也并没有受到城镇商会的小学徒们所说的那种虐待。 ‖ 如今再回想起来，罗伦斯时常会好奇，野猫凭着一时的心血来潮养育了一只小狗的情况是否和他有些类似。再说，真要数落师傅的奇怪之处，说那是旅途生活中形成的，某种独特的人生观恐怕还更为恰当。 ‖ ►如今罗伦斯的年纪已经与当时的师傅相去不远，时隔许久后他又踏上了旅途，望着偶然途经的城镇撒罗尼亚的秋日节庆，这些思绪忽然闪现在脑海中。 ‖ 窗子框出的广场风景里可以看到人们建起了巨大的舞台，教会和城镇里有头面的人物站在上面像模像样地操办着仪式，冬日来临前最后的狂欢正在上演。 ‖ 撒罗尼亚的秋日节庆上没有什么能当成主轴的宗教仪式，最热闹的一环似乎是人们使用当地的麦子做成蒸馏酒，然后豪饮比试一番。各式各样的参与者都报上名来想要在这活动里试一试身手，在港口装卸货物，长得五大三粗的男人们自不必说，教会里也有夸耀饮酒海量的年轻圣职者们跃跃欲试，气氛可谓自由极了。	如今罗伦斯的年纪已经与当时的师傅相去不远，时隔许久后他又踏上了旅途，望着偶然途经的城镇撒罗尼亚的秋日节庆，这些思绪忽然闪现在脑海中。	罗伦斯	0.55	罗伦斯			
1-6	1	6	action	物理	如今罗伦斯的年纪已经与当时的师傅相去不远，时隔许久后他又踏上了旅途，望着偶然途经的城镇撒罗尼亚的秋日节庆，这些思绪忽然闪现在脑海中。 ‖ 窗子框出的广场风景里可以看到人们建起了巨大的舞台，教会和城镇里有头面的人物站在上面像模像样地操办着仪式，冬日来临前最后的狂欢正在上演。 ‖ 撒罗尼亚的秋日节庆上没有什么能当成主轴的宗教仪式，最热闹的一环似乎是人们使用当地的麦子做成蒸馏酒，然后豪饮比试一番。各式各样的参与者都报上名来想要在这活动里试一试身手，在港口装卸货物，长得五大三粗的男人们自不必说，教会里也有夸耀饮酒海量的年轻圣职者们跃跃欲试，气氛可谓自由极了。 ‖ ►罗伦斯俯视着广场的模样，然后不禁苦笑起来——他看到了一位身材娇小的少女。 ‖ 今天她鲜少地把那混进麦田恐怕就要立马消失无踪的亚麻色发丝编成了三股辫。她个子不高，再加上身形小巧，很容易让人以为是什么深闺的千金小姐，然而举止仪态中却流露出莫名的魄力。 ‖ “狼来了。”	罗伦斯俯视着广场的模样，然后不禁苦笑起来——他看到了一位身材娇小的少女。	罗伦斯	0.55	罗伦斯			
1-7	1	7	action	物理	窗子框出的广场风景里可以看到人们建起了巨大的舞台，教会和城镇里有头面的人物站在上面像模像样地操办着仪式，冬日来临前最后的狂欢正在上演。 ‖ 撒罗尼亚的秋日节庆上没有什么能当成主轴的宗教仪式，最热闹的一环似乎是人们使用当地的麦子做成蒸馏酒，然后豪饮比试一番。各式各样的参与者都报上名来想要在这活动里试一试身手，在港口装卸货物，长得五大三粗的男人们自不必说，教会里也有夸耀饮酒海量的年轻圣职者们跃跃欲试，气氛可谓自由极了。 ‖ 罗伦斯俯视着广场的模样，然后不禁苦笑起来——他看到了一位身材娇小的少女。 ‖ ►今天她鲜少地把那混进麦田恐怕就要立马消失无踪的亚麻色发丝编成了三股辫。她个子不高，再加上身形小巧，很容易让人以为是什么深闺的千金小姐，然而举止仪态中却流露出莫名的魄力。 ‖ “狼来了。” ‖ 罗伦斯坐在窗边，无声地自言自语，然后发出笑声。	今天她鲜少地把那混进麦田恐怕就要立马消失无踪的亚麻色发丝编成了三股辫。她个子不高，再加上身形小巧，很容易让人以为是什么深闺的千金小姐，然而举止仪态中却流露出莫名的魄力。		0.30				
1-8	1	8	dialogue	explicit	撒罗尼亚的秋日节庆上没有什么能当成主轴的宗教仪式，最热闹的一环似乎是人们使用当地的麦子做成蒸馏酒，然后豪饮比试一番。各式各样的参与者都报上名来想要在这活动里试一试身手，在港口装卸货物，长得五大三粗的男人们自不必说，教会里也有夸耀饮酒海量的年轻圣职者们跃跃欲试，气氛可谓自由极了。 ‖ 罗伦斯俯视着广场的模样，然后不禁苦笑起来——他看到了一位身材娇小的少女。 ‖ 今天她鲜少地把那混进麦田恐怕就要立马消失无踪的亚麻色发丝编成了三股辫。她个子不高，再加上身形小巧，很容易让人以为是什么深闺的千金小姐，然而举止仪态中却流露出莫名的魄力。 ‖ ►“狼来了。” ‖ 罗伦斯坐在窗边，无声地自言自语，然后发出笑声。 ‖ 广场周围摆出了招待人们的饮食，不仅有酒，还有刚烤好的面包和灌肠之类，诚然是一副节日狂欢的模样。罗伦斯看着赫萝在人群正中心满意足地饮酒，自己心里盘算起今后的旅途计划来。	狼来了。	赫萝	0.80	罗伦斯		y	
1-9	1	9	action	物理	罗伦斯俯视着广场的模样，然后不禁苦笑起来——他看到了一位身材娇小的少女。 ‖ 今天她鲜少地把那混进麦田恐怕就要立马消失无踪的亚麻色发丝编成了三股辫。她个子不高，再加上身形小巧，很容易让人以为是什么深闺的千金小姐，然而举止仪态中却流露出莫名的魄力。 ‖ “狼来了。” ‖ ►罗伦斯坐在窗边，无声地自言自语，然后发出笑声。 ‖ 广场周围摆出了招待人们的饮食，不仅有酒，还有刚烤好的面包和灌肠之类，诚然是一副节日狂欢的模样。罗伦斯看着赫萝在人群正中心满意足地饮酒，自己心里盘算起今后的旅途计划来。 ‖ 脑海中之所以浮现出许久都未曾想起的师傅，恐怕是因为他又一次踏上旅途，拉开了旅行记忆的抽屉，抽屉深处收藏着的东西也就一并被带了出来。再或者，也许他是在向这些回忆寻求什么线索。	罗伦斯坐在窗边，无声地自言自语，然后发出笑声。	罗伦斯	0.55	罗伦斯			
1-10	1	10	action	心理	今天她鲜少地把那混进麦田恐怕就要立马消失无踪的亚麻色发丝编成了三股辫。她个子不高，再加上身形小巧，很容易让人以为是什么深闺的千金小姐，然而举止仪态中却流露出莫名的魄力。 ‖ “狼来了。” ‖ 罗伦斯坐在窗边，无声地自言自语，然后发出笑声。 ‖ ►广场周围摆出了招待人们的饮食，不仅有酒，还有刚烤好的面包和灌肠之类，诚然是一副节日狂欢的模样。罗伦斯看着赫萝在人群正中心满意足地饮酒，自己心里盘算起今后的旅途计划来。 ‖ 脑海中之所以浮现出许久都未曾想起的师傅，恐怕是因为他又一次踏上旅途，拉开了旅行记忆的抽屉，抽屉深处收藏着的东西也就一并被带了出来。再或者，也许他是在向这些回忆寻求什么线索。 ‖ 因为有些东西是罗伦斯在安排旅行计划时必须考虑一番的。	广场周围摆出了招待人们的饮食，不仅有酒，还有刚烤好的面包和灌肠之类，诚然是一副节日狂欢的模样。罗伦斯看着赫萝在人群正中心满意足地饮酒，自己心里盘算起今后的旅途计划来。	罗伦斯	0.55	罗伦斯			
1-11	1	11	action	心理	“狼来了。” ‖ 罗伦斯坐在窗边，无声地自言自语，然后发出笑声。 ‖ 广场周围摆出了招待人们的饮食，不仅有酒，还有刚烤好的面包和灌肠之类，诚然是一副节日狂欢的模样。罗伦斯看着赫萝在人群正中心满意足地饮酒，自己心里盘算起今后的旅途计划来。 ‖ ►脑海中之所以浮现出许久都未曾想起的师傅，恐怕是因为他又一次踏上旅途，拉开了旅行记忆的抽屉，抽屉深处收藏着的东西也就一并被带了出来。再或者，也许他是在向这些回忆寻求什么线索。 ‖ 因为有些东西是罗伦斯在安排旅行计划时必须考虑一番的。 ‖ 旅行的收获并非尽是快乐。很不可思议的是，即便能在繁荣的市镇过着自由自在毫不拘束的生活，这一点也不会改变。或许此刻愈加快乐，往后迎来的艰辛也就愈发难以耐受。	脑海中之所以浮现出许久都未曾想起的师傅，恐怕是因为他又一次踏上旅途，拉开了旅行记忆的抽屉，抽屉深处收藏着的东西也就一并被带了出来。再或者，也许他是在向这些回忆寻求什么线索。	赫萝	0.30	赫萝			
1-12	1	12	action	物理	罗伦斯坐在窗边，无声地自言自语，然后发出笑声。 ‖ 广场周围摆出了招待人们的饮食，不仅有酒，还有刚烤好的面包和灌肠之类，诚然是一副节日狂欢的模样。罗伦斯看着赫萝在人群正中心满意足地饮酒，自己心里盘算起今后的旅途计划来。 ‖ 脑海中之所以浮现出许久都未曾想起的师傅，恐怕是因为他又一次踏上旅途，拉开了旅行记忆的抽屉，抽屉深处收藏着的东西也就一并被带了出来。再或者，也许他是在向这些回忆寻求什么线索。 ‖ ►因为有些东西是罗伦斯在安排旅行计划时必须考虑一番的。 ‖ 旅行的收获并非尽是快乐。很不可思议的是，即便能在繁荣的市镇过着自由自在毫不拘束的生活，这一点也不会改变。或许此刻愈加快乐，往后迎来的艰辛也就愈发难以耐受。 ‖ 毕竟旅行生活的随心所欲，是用日常生活的确定和稳定换来的。	因为有些东西是罗伦斯在安排旅行计划时必须考虑一番的。	罗伦斯	0.55	罗伦斯			
1-15	1	15	dialogue	anaphoric	因为有些东西是罗伦斯在安排旅行计划时必须考虑一番的。 ‖ 旅行的收获并非尽是快乐。很不可思议的是，即便能在繁荣的市镇过着自由自在毫不拘束的生活，这一点也不会改变。或许此刻愈加快乐，往后迎来的艰辛也就愈发难以耐受。 ‖ 毕竟旅行生活的随心所欲，是用日常生活的确定和稳定换来的。 ‖ ►“祭典结束之后，我打算回家去。” ‖ 这一阵子与罗伦斯夫妇结伴同行的女司铎艾尔莎说出这番话，是在昨日傍晚的时候。当时他们解决了撒罗尼亚城的关税争端，让争执的双方——教会和木材商人们各自做出让步。当晚回到住处的路上，艾尔莎开了口。 ‖ 赫萝对关税的商议毫无兴趣，她早已先行离开，在广场的酒馆里喝得大醉酩酊。现在路上只有罗伦斯和艾尔莎两人。罗伦斯明白艾尔莎是有意要抓住这短短的时间提起自己的告别，但还有一点他不明白。	祭典结束之后，我打算回家去。	罗伦斯	0.65	艾尔莎	罗伦斯	y	
1-16	1	16	action	物理	旅行的收获并非尽是快乐。很不可思议的是，即便能在繁荣的市镇过着自由自在毫不拘束的生活，这一点也不会改变。或许此刻愈加快乐，往后迎来的艰辛也就愈发难以耐受。 ‖ 毕竟旅行生活的随心所欲，是用日常生活的确定和稳定换来的。 ‖ “祭典结束之后，我打算回家去。” ‖ ►这一阵子与罗伦斯夫妇结伴同行的女司铎艾尔莎说出这番话，是在昨日傍晚的时候。当时他们解决了撒罗尼亚城的关税争端，让争执的双方——教会和木材商人们各自做出让步。当晚回到住处的路上，艾尔莎开了口。 ‖ 赫萝对关税的商议毫无兴趣，她早已先行离开，在广场的酒馆里喝得大醉酩酊。现在路上只有罗伦斯和艾尔莎两人。罗伦斯明白艾尔莎是有意要抓住这短短的时间提起自己的告别，但还有一点他不明白。 ‖ “你不先对赫萝说吗？”	这一阵子与罗伦斯夫妇结伴同行的女司铎艾尔莎说出这番话，是在昨日傍晚的时候。当时他们解决了撒罗尼亚城的关税争端，让争执的双方——教会和木材商人们各自做出让步。当晚回到住处的路上，艾尔莎开了口。	罗伦斯	0.55	罗伦斯			
1-17	1	17	action	心理	毕竟旅行生活的随心所欲，是用日常生活的确定和稳定换来的。 ‖ “祭典结束之后，我打算回家去。” ‖ 这一阵子与罗伦斯夫妇结伴同行的女司铎艾尔莎说出这番话，是在昨日傍晚的时候。当时他们解决了撒罗尼亚城的关税争端，让争执的双方——教会和木材商人们各自做出让步。当晚回到住处的路上，艾尔莎开了口。 ‖ ►赫萝对关税的商议毫无兴趣，她早已先行离开，在广场的酒馆里喝得大醉酩酊。现在路上只有罗伦斯和艾尔莎两人。罗伦斯明白艾尔莎是有意要抓住这短短的时间提起自己的告别，但还有一点他不明白。 ‖ “你不先对赫萝说吗？” ‖ 似乎赫萝和艾尔莎她们在关税纠纷期间有了不少交流，而罗伦斯对这些经纬并不了解。如今艾尔莎还是会不时劝诫赫萝，赫萝还是会露出不耐烦的模样，但从那一来一往中也能感受到，她们之间的关系变得比以往更好了。	赫萝对关税的商议毫无兴趣，她早已先行离开，在广场的酒馆里喝得大醉酩酊。现在路上只有罗伦斯和艾尔莎两人。罗伦斯明白艾尔莎是有意要抓住这短短的时间提起自己的告别，但还有一点他不明白。	赫萝	0.55	赫萝			
1-18	1	18	dialogue	explicit	“祭典结束之后，我打算回家去。” ‖ 这一阵子与罗伦斯夫妇结伴同行的女司铎艾尔莎说出这番话，是在昨日傍晚的时候。当时他们解决了撒罗尼亚城的关税争端，让争执的双方——教会和木材商人们各自做出让步。当晚回到住处的路上，艾尔莎开了口。 ‖ 赫萝对关税的商议毫无兴趣，她早已先行离开，在广场的酒馆里喝得大醉酩酊。现在路上只有罗伦斯和艾尔莎两人。罗伦斯明白艾尔莎是有意要抓住这短短的时间提起自己的告别，但还有一点他不明白。 ‖ ►“你不先对赫萝说吗？” ‖ 似乎赫萝和艾尔莎她们在关税纠纷期间有了不少交流，而罗伦斯对这些经纬并不了解。如今艾尔莎还是会不时劝诫赫萝，赫萝还是会露出不耐烦的模样，但从那一来一往中也能感受到，她们之间的关系变得比以往更好了。 ‖ 既然如此，正因如此，行事一板一眼的艾尔莎不应该首先去对赫萝道别吗？	你不先对赫萝说吗？	赫萝	0.95	罗伦斯	艾尔莎	y	
1-19	1	19	action	物理	这一阵子与罗伦斯夫妇结伴同行的女司铎艾尔莎说出这番话，是在昨日傍晚的时候。当时他们解决了撒罗尼亚城的关税争端，让争执的双方——教会和木材商人们各自做出让步。当晚回到住处的路上，艾尔莎开了口。 ‖ 赫萝对关税的商议毫无兴趣，她早已先行离开，在广场的酒馆里喝得大醉酩酊。现在路上只有罗伦斯和艾尔莎两人。罗伦斯明白艾尔莎是有意要抓住这短短的时间提起自己的告别，但还有一点他不明白。 ‖ “你不先对赫萝说吗？” ‖ ►似乎赫萝和艾尔莎她们在关税纠纷期间有了不少交流，而罗伦斯对这些经纬并不了解。如今艾尔莎还是会不时劝诫赫萝，赫萝还是会露出不耐烦的模样，但从那一来一往中也能感受到，她们之间的关系变得比以往更好了。 ‖ 既然如此，正因如此，行事一板一眼的艾尔莎不应该首先去对赫萝道别吗？ ‖ 罗伦斯怀着这样的疑问对艾尔莎开口，而她则是先露出淡淡微笑，继而移开了眼神似地朝前望去。	似乎赫萝和艾尔莎她们在关税纠纷期间有了不少交流，而罗伦斯对这些经纬并不了解。如今艾尔莎还是会不时劝诫赫萝，赫萝还是会露出不耐烦的模样，但从那一来一往中也能感受到，她们之间的关系变得比以往更好了。	赫萝	0.55	赫萝			
1-20	1	20	action	物理	赫萝对关税的商议毫无兴趣，她早已先行离开，在广场的酒馆里喝得大醉酩酊。现在路上只有罗伦斯和艾尔莎两人。罗伦斯明白艾尔莎是有意要抓住这短短的时间提起自己的告别，但还有一点他不明白。 ‖ “你不先对赫萝说吗？” ‖ 似乎赫萝和艾尔莎她们在关税纠纷期间有了不少交流，而罗伦斯对这些经纬并不了解。如今艾尔莎还是会不时劝诫赫萝，赫萝还是会露出不耐烦的模样，但从那一来一往中也能感受到，她们之间的关系变得比以往更好了。 ‖ ►既然如此，正因如此，行事一板一眼的艾尔莎不应该首先去对赫萝道别吗？ ‖ 罗伦斯怀着这样的疑问对艾尔莎开口，而她则是先露出淡淡微笑，继而移开了眼神似地朝前望去。 ‖ “因为，和她的关系好得有些过头了。”	既然如此，正因如此，行事一板一眼的艾尔莎不应该首先去对赫萝道别吗？	艾尔莎	0.55	艾尔莎			
1-21	1	21	action	心理	“你不先对赫萝说吗？” ‖ 似乎赫萝和艾尔莎她们在关税纠纷期间有了不少交流，而罗伦斯对这些经纬并不了解。如今艾尔莎还是会不时劝诫赫萝，赫萝还是会露出不耐烦的模样，但从那一来一往中也能感受到，她们之间的关系变得比以往更好了。 ‖ 既然如此，正因如此，行事一板一眼的艾尔莎不应该首先去对赫萝道别吗？ ‖ ►罗伦斯怀着这样的疑问对艾尔莎开口，而她则是先露出淡淡微笑，继而移开了眼神似地朝前望去。 ‖ “因为，和她的关系好得有些过头了。” ‖ 遵循着铁律的神的仆人。	罗伦斯怀着这样的疑问对艾尔莎开口，而她则是先露出淡淡微笑，继而移开了眼神似地朝前望去。	罗伦斯	0.55	罗伦斯			
1-22	1	22	dialogue	anaphoric	似乎赫萝和艾尔莎她们在关税纠纷期间有了不少交流，而罗伦斯对这些经纬并不了解。如今艾尔莎还是会不时劝诫赫萝，赫萝还是会露出不耐烦的模样，但从那一来一往中也能感受到，她们之间的关系变得比以往更好了。 ‖ 既然如此，正因如此，行事一板一眼的艾尔莎不应该首先去对赫萝道别吗？ ‖ 罗伦斯怀着这样的疑问对艾尔莎开口，而她则是先露出淡淡微笑，继而移开了眼神似地朝前望去。 ‖ ►“因为，和她的关系好得有些过头了。” ‖ 遵循着铁律的神的仆人。 ‖ 艾尔莎曾给罗伦斯留下这样的印象，但现在他面前站着的，则是一个有血有肉的艾尔莎。	因为，和她的关系好得有些过头了。	罗伦斯	0.65	艾尔莎	罗伦斯	y	
1-24	1	24	action	物理	罗伦斯怀着这样的疑问对艾尔莎开口，而她则是先露出淡淡微笑，继而移开了眼神似地朝前望去。 ‖ “因为，和她的关系好得有些过头了。” ‖ 遵循着铁律的神的仆人。 ‖ ►艾尔莎曾给罗伦斯留下这样的印象，但现在他面前站着的，则是一个有血有肉的艾尔莎。 ‖ “我还不是很习惯旅行，所以会因为突然涌出来的思乡之情感到动摇。” ‖ 艾尔莎原本出身在一个名叫特雷欧的小村里，守着抚养她长大的父亲留下的教会静静生活。此后随着世间对教会的态度愈发严厉，为了处理与教会有关的各种财产与特许问题，她被各处教会召唤，一直到这个极北之地。??????????????????	艾尔莎曾给罗伦斯留下这样的印象，但现在他面前站着的，则是一个有血有肉的艾尔莎。	艾尔莎	0.55	艾尔莎			
1-25	1	25	dialogue	anaphoric	“因为，和她的关系好得有些过头了。” ‖ 遵循着铁律的神的仆人。 ‖ 艾尔莎曾给罗伦斯留下这样的印象，但现在他面前站着的，则是一个有血有肉的艾尔莎。 ‖ ►“我还不是很习惯旅行，所以会因为突然涌出来的思乡之情感到动摇。” ‖ 艾尔莎原本出身在一个名叫特雷欧的小村里，守着抚养她长大的父亲留下的教会静静生活。此后随着世间对教会的态度愈发严厉，为了处理与教会有关的各种财产与特许问题，她被各处教会召唤，一直到这个极北之地。?????????????????? ‖ 她的丈夫艾凡在罗伦斯记忆中还是个磨面粉的少年，个性朴实又热情。如今艾凡还留在特雷欧村，据说两人间已经有了三个孩子。	我还不是很习惯旅行，所以会因为突然涌出来的思乡之情感到动摇。	艾尔莎	0.65	艾尔莎		y	
1-26	1	26	action	物理	遵循着铁律的神的仆人。 ‖ 艾尔莎曾给罗伦斯留下这样的印象，但现在他面前站着的，则是一个有血有肉的艾尔莎。 ‖ “我还不是很习惯旅行，所以会因为突然涌出来的思乡之情感到动摇。” ‖ ►艾尔莎原本出身在一个名叫特雷欧的小村里，守着抚养她长大的父亲留下的教会静静生活。此后随着世间对教会的态度愈发严厉，为了处理与教会有关的各种财产与特许问题，她被各处教会召唤，一直到这个极北之地。?????????????????? ‖ 她的丈夫艾凡在罗伦斯记忆中还是个磨面粉的少年，个性朴实又热情。如今艾凡还留在特雷欧村，据说两人间已经有了三个孩子。 ‖ “赫萝的直觉很敏锐，在她面前，我恐怕很难掩饰住归心似箭的模样。可是……”	艾尔莎原本出身在一个名叫特雷欧的小村里，守着抚养她长大的父亲留下的教会静静生活。此后随着世间对教会的态度愈发严厉，为了处理与教会有关的各种财产与特许问题，她被各处教会召唤，一直到这个极北之地。??????????????????	艾尔莎	0.55	艾尔莎			
1-27	1	27	action	物理	艾尔莎曾给罗伦斯留下这样的印象，但现在他面前站着的，则是一个有血有肉的艾尔莎。 ‖ “我还不是很习惯旅行，所以会因为突然涌出来的思乡之情感到动摇。” ‖ 艾尔莎原本出身在一个名叫特雷欧的小村里，守着抚养她长大的父亲留下的教会静静生活。此后随着世间对教会的态度愈发严厉，为了处理与教会有关的各种财产与特许问题，她被各处教会召唤，一直到这个极北之地。?????????????????? ‖ ►她的丈夫艾凡在罗伦斯记忆中还是个磨面粉的少年，个性朴实又热情。如今艾凡还留在特雷欧村，据说两人间已经有了三个孩子。 ‖ “赫萝的直觉很敏锐，在她面前，我恐怕很难掩饰住归心似箭的模样。可是……” ‖ 艾尔莎缓缓吸了一口气，又长长地吐出来，就好像她整个人也因此缩小了一圈。	她的丈夫艾凡在罗伦斯记忆中还是个磨面粉的少年，个性朴实又热情。如今艾凡还留在特雷欧村，据说两人间已经有了三个孩子。	艾凡	0.55	艾凡			
1-28	1	28	dialogue	explicit	“我还不是很习惯旅行，所以会因为突然涌出来的思乡之情感到动摇。” ‖ 艾尔莎原本出身在一个名叫特雷欧的小村里，守着抚养她长大的父亲留下的教会静静生活。此后随着世间对教会的态度愈发严厉，为了处理与教会有关的各种财产与特许问题，她被各处教会召唤，一直到这个极北之地。?????????????????? ‖ 她的丈夫艾凡在罗伦斯记忆中还是个磨面粉的少年，个性朴实又热情。如今艾凡还留在特雷欧村，据说两人间已经有了三个孩子。 ‖ ►“赫萝的直觉很敏锐，在她面前，我恐怕很难掩饰住归心似箭的模样。可是……” ‖ 艾尔莎缓缓吸了一口气，又长长地吐出来，就好像她整个人也因此缩小了一圈。 ‖ “在赫萝的眼里，我的模样看起来就可能显得很薄情，不是吗？”	赫萝的直觉很敏锐，在她面前，我恐怕很难掩饰住归心似箭的模样。可是……	赫萝	0.80	艾尔莎		y	
1-29	1	29	action	物理	艾尔莎原本出身在一个名叫特雷欧的小村里，守着抚养她长大的父亲留下的教会静静生活。此后随着世间对教会的态度愈发严厉，为了处理与教会有关的各种财产与特许问题，她被各处教会召唤，一直到这个极北之地。?????????????????? ‖ 她的丈夫艾凡在罗伦斯记忆中还是个磨面粉的少年，个性朴实又热情。如今艾凡还留在特雷欧村，据说两人间已经有了三个孩子。 ‖ “赫萝的直觉很敏锐，在她面前，我恐怕很难掩饰住归心似箭的模样。可是……” ‖ ►艾尔莎缓缓吸了一口气，又长长地吐出来，就好像她整个人也因此缩小了一圈。 ‖ “在赫萝的眼里，我的模样看起来就可能显得很薄情，不是吗？” ‖ 这是旅途生活中常见的光景。	艾尔莎缓缓吸了一口气，又长长地吐出来，就好像她整个人也因此缩小了一圈。	艾尔莎	0.55	艾尔莎			
1-30	1	30	dialogue	explicit	她的丈夫艾凡在罗伦斯记忆中还是个磨面粉的少年，个性朴实又热情。如今艾凡还留在特雷欧村，据说两人间已经有了三个孩子。 ‖ “赫萝的直觉很敏锐，在她面前，我恐怕很难掩饰住归心似箭的模样。可是……” ‖ 艾尔莎缓缓吸了一口气，又长长地吐出来，就好像她整个人也因此缩小了一圈。 ‖ ►“在赫萝的眼里，我的模样看起来就可能显得很薄情，不是吗？” ‖ 这是旅途生活中常见的光景。 ‖ 在他乡远地遇到了意气投和的人物，痛饮达旦，乃至心中将对方视为莫逆之交，对方却只说一句还有家人在，就此匆匆离开。在这些人眼中 ，旅人终究只是旅人，是许多来客中的一人，而他们还有属于他们的，坚固不变的日常生活。	在赫萝的眼里，我的模样看起来就可能显得很薄情，不是吗？	赫萝	0.80	艾尔莎		y	
1-32	1	32	action	物理	艾尔莎缓缓吸了一口气，又长长地吐出来，就好像她整个人也因此缩小了一圈。 ‖ “在赫萝的眼里，我的模样看起来就可能显得很薄情，不是吗？” ‖ 这是旅途生活中常见的光景。 ‖ ►在他乡远地遇到了意气投和的人物，痛饮达旦，乃至心中将对方视为莫逆之交，对方却只说一句还有家人在，就此匆匆离开。在这些人眼中 ，旅人终究只是旅人，是许多来客中的一人，而他们还有属于他们的，坚固不变的日常生活。 ‖ 他们会回到炉火温暖，笑语满溢的家中。可是，旅人却必须独自回归寂静的旅舍，然后到了明日，又要向下一个市镇出发。 ‖ 艾尔莎大概已经在她的短暂旅途中体会过了这样的寂寥感。	在他乡远地遇到了意气投和的人物，痛饮达旦，乃至心中将对方视为莫逆之交，对方却只说一句还有家人在，就此匆匆离开。在这些人眼中 ，旅人终究只是旅人，是许多来客中的一人，而他们还有属于他们的，坚固不变的日常生活。	赫萝	0.30	赫萝			
1-33	1	33	action	物理	“在赫萝的眼里，我的模样看起来就可能显得很薄情，不是吗？” ‖ 这是旅途生活中常见的光景。 ‖ 在他乡远地遇到了意气投和的人物，痛饮达旦，乃至心中将对方视为莫逆之交，对方却只说一句还有家人在，就此匆匆离开。在这些人眼中 ，旅人终究只是旅人，是许多来客中的一人，而他们还有属于他们的，坚固不变的日常生活。 ‖ ►他们会回到炉火温暖，笑语满溢的家中。可是，旅人却必须独自回归寂静的旅舍，然后到了明日，又要向下一个市镇出发。 ‖ 艾尔莎大概已经在她的短暂旅途中体会过了这样的寂寥感。 ‖ 艾尔莎总是将发型整理得一丝不苟，蜂蜜色的眼睛总是目光锐利，直视着真相。但罗伦斯知道在这些东西的背后， 还有一个比常人更温柔体贴的艾尔莎。	他们会回到炉火温暖，笑语满溢的家中。可是，旅人却必须独自回归寂静的旅舍，然后到了明日，又要向下一个市镇出发。	赫萝	0.30	赫萝			
1-34	1	34	action	物理	这是旅途生活中常见的光景。 ‖ 在他乡远地遇到了意气投和的人物，痛饮达旦，乃至心中将对方视为莫逆之交，对方却只说一句还有家人在，就此匆匆离开。在这些人眼中 ，旅人终究只是旅人，是许多来客中的一人，而他们还有属于他们的，坚固不变的日常生活。 ‖ 他们会回到炉火温暖，笑语满溢的家中。可是，旅人却必须独自回归寂静的旅舍，然后到了明日，又要向下一个市镇出发。 ‖ ►艾尔莎大概已经在她的短暂旅途中体会过了这样的寂寥感。 ‖ 艾尔莎总是将发型整理得一丝不苟，蜂蜜色的眼睛总是目光锐利，直视着真相。但罗伦斯知道在这些东西的背后， 还有一个比常人更温柔体贴的艾尔莎。 ‖ 不然的话，她也就不会为那个怕寂寞的狼操心，担心自己提起的道别会让对方难过。	艾尔莎大概已经在她的短暂旅途中体会过了这样的寂寥感。	艾尔莎	0.55	艾尔莎			
1-35	1	35	action	物理	在他乡远地遇到了意气投和的人物，痛饮达旦，乃至心中将对方视为莫逆之交，对方却只说一句还有家人在，就此匆匆离开。在这些人眼中 ，旅人终究只是旅人，是许多来客中的一人，而他们还有属于他们的，坚固不变的日常生活。 ‖ 他们会回到炉火温暖，笑语满溢的家中。可是，旅人却必须独自回归寂静的旅舍，然后到了明日，又要向下一个市镇出发。 ‖ 艾尔莎大概已经在她的短暂旅途中体会过了这样的寂寥感。 ‖ ►艾尔莎总是将发型整理得一丝不苟，蜂蜜色的眼睛总是目光锐利，直视着真相。但罗伦斯知道在这些东西的背后， 还有一个比常人更温柔体贴的艾尔莎。 ‖ 不然的话，她也就不会为那个怕寂寞的狼操心，担心自己提起的道别会让对方难过。 ‖ “那么，要不然我主动对你提起旅行的话题，如何呢？我想我跟她也差不多该出发去下一个地方了。”	艾尔莎总是将发型整理得一丝不苟，蜂蜜色的眼睛总是目光锐利，直视着真相。但罗伦斯知道在这些东西的背后， 还有一个比常人更温柔体贴的艾尔莎。	艾尔莎	0.55	艾尔莎			
1-36	1	36	action	心理	他们会回到炉火温暖，笑语满溢的家中。可是，旅人却必须独自回归寂静的旅舍，然后到了明日，又要向下一个市镇出发。 ‖ 艾尔莎大概已经在她的短暂旅途中体会过了这样的寂寥感。 ‖ 艾尔莎总是将发型整理得一丝不苟，蜂蜜色的眼睛总是目光锐利，直视着真相。但罗伦斯知道在这些东西的背后， 还有一个比常人更温柔体贴的艾尔莎。 ‖ ►不然的话，她也就不会为那个怕寂寞的狼操心，担心自己提起的道别会让对方难过。 ‖ “那么，要不然我主动对你提起旅行的话题，如何呢？我想我跟她也差不多该出发去下一个地方了。” ‖ 也许是怀着一种“瞒着赫萝，同罗伦斯秘密谋划事情”的内疚，艾尔莎没有立即给出回答，但她最后还是点了点头。	不然的话，她也就不会为那个怕寂寞的狼操心，担心自己提起的道别会让对方难过。	赫萝	0.55	赫萝			
1-37	1	37	dialogue	anaphoric	艾尔莎大概已经在她的短暂旅途中体会过了这样的寂寥感。 ‖ 艾尔莎总是将发型整理得一丝不苟，蜂蜜色的眼睛总是目光锐利，直视着真相。但罗伦斯知道在这些东西的背后， 还有一个比常人更温柔体贴的艾尔莎。 ‖ 不然的话，她也就不会为那个怕寂寞的狼操心，担心自己提起的道别会让对方难过。 ‖ ►“那么，要不然我主动对你提起旅行的话题，如何呢？我想我跟她也差不多该出发去下一个地方了。” ‖ 也许是怀着一种“瞒着赫萝，同罗伦斯秘密谋划事情”的内疚，艾尔莎没有立即给出回答，但她最后还是点了点头。 ‖ 然后，自嘲地笑着说。	那么，要不然我主动对你提起旅行的话题，如何呢？我想我跟她也差不多该出发去下一个地方了。	赫萝	0.65	罗伦斯		y	
1-38	1	38	dialogue	explicit	艾尔莎总是将发型整理得一丝不苟，蜂蜜色的眼睛总是目光锐利，直视着真相。但罗伦斯知道在这些东西的背后， 还有一个比常人更温柔体贴的艾尔莎。 ‖ 不然的话，她也就不会为那个怕寂寞的狼操心，担心自己提起的道别会让对方难过。 ‖ “那么，要不然我主动对你提起旅行的话题，如何呢？我想我跟她也差不多该出发去下一个地方了。” ‖ ►也许是怀着一种“瞒着赫萝，同罗伦斯秘密谋划事情”的内疚，艾尔莎没有立即给出回答，但她最后还是点了点头。 ‖ 然后，自嘲地笑着说。 ‖ “我居然要借助别人帮忙才能说出难说出口的事情，简直就像个小孩子一样啊。”	瞒着赫萝，同罗伦斯秘密谋划事情	赫萝	0.95	—		y	
1-40	1	40	dialogue	anaphoric	“那么，要不然我主动对你提起旅行的话题，如何呢？我想我跟她也差不多该出发去下一个地方了。” ‖ 也许是怀着一种“瞒着赫萝，同罗伦斯秘密谋划事情”的内疚，艾尔莎没有立即给出回答，但她最后还是点了点头。 ‖ 然后，自嘲地笑着说。 ‖ ►“我居然要借助别人帮忙才能说出难说出口的事情，简直就像个小孩子一样啊。” ‖ 刚刚与罗伦斯相遇时的艾尔莎，恐怕会以事实就是事实为理由，毫不犹豫地开口同赫萝告别。 ‖ 但是，罗伦斯心中有不同于艾尔莎的看法。	我居然要借助别人帮忙才能说出难说出口的事情，简直就像个小孩子一样啊。	罗伦斯	0.65	艾尔莎		y	
1-41	1	41	action	心理	也许是怀着一种“瞒着赫萝，同罗伦斯秘密谋划事情”的内疚，艾尔莎没有立即给出回答，但她最后还是点了点头。 ‖ 然后，自嘲地笑着说。 ‖ “我居然要借助别人帮忙才能说出难说出口的事情，简直就像个小孩子一样啊。” ‖ ►刚刚与罗伦斯相遇时的艾尔莎，恐怕会以事实就是事实为理由，毫不犹豫地开口同赫萝告别。 ‖ 但是，罗伦斯心中有不同于艾尔莎的看法。 ‖ “知道如何依靠别人，我觉得这才是成熟的标志。”	刚刚与罗伦斯相遇时的艾尔莎，恐怕会以事实就是事实为理由，毫不犹豫地开口同赫萝告别。	罗伦斯	0.55	罗伦斯			
1-42	1	42	action	物理	然后，自嘲地笑着说。 ‖ “我居然要借助别人帮忙才能说出难说出口的事情，简直就像个小孩子一样啊。” ‖ 刚刚与罗伦斯相遇时的艾尔莎，恐怕会以事实就是事实为理由，毫不犹豫地开口同赫萝告别。 ‖ ►但是，罗伦斯心中有不同于艾尔莎的看法。 ‖ “知道如何依靠别人，我觉得这才是成熟的标志。” ‖ 他自己刚刚立志要成为独立的旅行商人时，也曾以为一个人解决所有问题就代表这个人的成熟。	但是，罗伦斯心中有不同于艾尔莎的看法。	罗伦斯	0.55	罗伦斯			
1-43	1	43	dialogue	anaphoric	“我居然要借助别人帮忙才能说出难说出口的事情，简直就像个小孩子一样啊。” ‖ 刚刚与罗伦斯相遇时的艾尔莎，恐怕会以事实就是事实为理由，毫不犹豫地开口同赫萝告别。 ‖ 但是，罗伦斯心中有不同于艾尔莎的看法。 ‖ ►“知道如何依靠别人，我觉得这才是成熟的标志。” ‖ 他自己刚刚立志要成为独立的旅行商人时，也曾以为一个人解决所有问题就代表这个人的成熟。 ‖ 当然，那只是涉世未深的年轻人的一己之见，不久之后罗伦斯就切身实地地学到了这个道理。	知道如何依靠别人，我觉得这才是成熟的标志。	罗伦斯	0.65	罗伦斯		y	
1-44	1	44	action	物理	刚刚与罗伦斯相遇时的艾尔莎，恐怕会以事实就是事实为理由，毫不犹豫地开口同赫萝告别。 ‖ 但是，罗伦斯心中有不同于艾尔莎的看法。 ‖ “知道如何依靠别人，我觉得这才是成熟的标志。” ‖ ►他自己刚刚立志要成为独立的旅行商人时，也曾以为一个人解决所有问题就代表这个人的成熟。 ‖ 当然，那只是涉世未深的年轻人的一己之见，不久之后罗伦斯就切身实地地学到了这个道理。 ‖ “……如果您不在赫萝的身边，那您一定能成为一个了不起的人物。”	他自己刚刚立志要成为独立的旅行商人时，也曾以为一个人解决所有问题就代表这个人的成熟。	罗伦斯	0.55	罗伦斯			
1-45	1	45	action	物理	但是，罗伦斯心中有不同于艾尔莎的看法。 ‖ “知道如何依靠别人，我觉得这才是成熟的标志。” ‖ 他自己刚刚立志要成为独立的旅行商人时，也曾以为一个人解决所有问题就代表这个人的成熟。 ‖ ►当然，那只是涉世未深的年轻人的一己之见，不久之后罗伦斯就切身实地地学到了这个道理。 ‖ “……如果您不在赫萝的身边，那您一定能成为一个了不起的人物。” ‖ 艾尔莎的语气听起来又像是无奈，又像是揶揄，罗伦斯则坦率地回以笑容。	当然，那只是涉世未深的年轻人的一己之见，不久之后罗伦斯就切身实地地学到了这个道理。	罗伦斯	0.55	罗伦斯			
1-46	1	46	dialogue	explicit	“知道如何依靠别人，我觉得这才是成熟的标志。” ‖ 他自己刚刚立志要成为独立的旅行商人时，也曾以为一个人解决所有问题就代表这个人的成熟。 ‖ 当然，那只是涉世未深的年轻人的一己之见，不久之后罗伦斯就切身实地地学到了这个道理。 ‖ ►“……如果您不在赫萝的身边，那您一定能成为一个了不起的人物。” ‖ 艾尔莎的语气听起来又像是无奈，又像是揶揄，罗伦斯则坦率地回以笑容。 ‖ “毕竟我早就被调教得服服帖帖了。”	……如果您不在赫萝的身边，那您一定能成为一个了不起的人物。	赫萝	0.80	艾尔莎		y	
1-47	1	47	action	物理	他自己刚刚立志要成为独立的旅行商人时，也曾以为一个人解决所有问题就代表这个人的成熟。 ‖ 当然，那只是涉世未深的年轻人的一己之见，不久之后罗伦斯就切身实地地学到了这个道理。 ‖ “……如果您不在赫萝的身边，那您一定能成为一个了不起的人物。” ‖ ►艾尔莎的语气听起来又像是无奈，又像是揶揄，罗伦斯则坦率地回以笑容。 ‖ “毕竟我早就被调教得服服帖帖了。” ‖ 像是城里少女般夸张地耸了耸肩膀之后，艾尔莎大笑起来。	艾尔莎的语气听起来又像是无奈，又像是揶揄，罗伦斯则坦率地回以笑容。	艾尔莎	0.55	艾尔莎			
1-48	1	48	dialogue	anaphoric	当然，那只是涉世未深的年轻人的一己之见，不久之后罗伦斯就切身实地地学到了这个道理。 ‖ “……如果您不在赫萝的身边，那您一定能成为一个了不起的人物。” ‖ 艾尔莎的语气听起来又像是无奈，又像是揶揄，罗伦斯则坦率地回以笑容。 ‖ ►“毕竟我早就被调教得服服帖帖了。” ‖ 像是城里少女般夸张地耸了耸肩膀之后，艾尔莎大笑起来。 ‖ “最初寄那封信给你们的时候，我没有抱多少希望。但还是在意想不到的地方见到了你们二位，既然如此，我就相信我们还会再见吧。”	毕竟我早就被调教得服服帖帖了。	艾尔莎	0.65	罗伦斯		y	
1-49	1	49	action	物理	“……如果您不在赫萝的身边，那您一定能成为一个了不起的人物。” ‖ 艾尔莎的语气听起来又像是无奈，又像是揶揄，罗伦斯则坦率地回以笑容。 ‖ “毕竟我早就被调教得服服帖帖了。” ‖ ►像是城里少女般夸张地耸了耸肩膀之后，艾尔莎大笑起来。 ‖ “最初寄那封信给你们的时候，我没有抱多少希望。但还是在意想不到的地方见到了你们二位，既然如此，我就相信我们还会再见吧。” ‖ 艾尔莎说这番话的时候，目光没有望向罗伦斯。纽希拉和特雷欧村相隔遥远，何况他们双方都已不再年轻，一般想来，再会是很难的。	像是城里少女般夸张地耸了耸肩膀之后，艾尔莎大笑起来。	艾尔莎	0.55	艾尔莎			
1-50	1	50	dialogue	anaphoric	艾尔莎的语气听起来又像是无奈，又像是揶揄，罗伦斯则坦率地回以笑容。 ‖ “毕竟我早就被调教得服服帖帖了。” ‖ 像是城里少女般夸张地耸了耸肩膀之后，艾尔莎大笑起来。 ‖ ►“最初寄那封信给你们的时候，我没有抱多少希望。但还是在意想不到的地方见到了你们二位，既然如此，我就相信我们还会再见吧。” ‖ 艾尔莎说这番话的时候，目光没有望向罗伦斯。纽希拉和特雷欧村相隔遥远，何况他们双方都已不再年轻，一般想来，再会是很难的。 ‖ 罗伦斯将视线从艾尔莎的侧像上移开，和她一样望着面前，开口说。	最初寄那封信给你们的时候，我没有抱多少希望。但还是在意想不到的地方见到了你们二位，既然如此，我就相信我们还会再见吧。	艾尔莎	0.65	艾尔莎		y	
1-51	1	51	action	心理	“毕竟我早就被调教得服服帖帖了。” ‖ 像是城里少女般夸张地耸了耸肩膀之后，艾尔莎大笑起来。 ‖ “最初寄那封信给你们的时候，我没有抱多少希望。但还是在意想不到的地方见到了你们二位，既然如此，我就相信我们还会再见吧。” ‖ ►艾尔莎说这番话的时候，目光没有望向罗伦斯。纽希拉和特雷欧村相隔遥远，何况他们双方都已不再年轻，一般想来，再会是很难的。 ‖ 罗伦斯将视线从艾尔莎的侧像上移开，和她一样望着面前，开口说。 ‖ “唯独这句话，请你一定要对赫萝讲出来。”??????????????????	艾尔莎说这番话的时候，目光没有望向罗伦斯。纽希拉和特雷欧村相隔遥远，何况他们双方都已不再年轻，一般想来，再会是很难的。	艾尔莎	0.55	艾尔莎			
1-52	1	52	action	物理	像是城里少女般夸张地耸了耸肩膀之后，艾尔莎大笑起来。 ‖ “最初寄那封信给你们的时候，我没有抱多少希望。但还是在意想不到的地方见到了你们二位，既然如此，我就相信我们还会再见吧。” ‖ 艾尔莎说这番话的时候，目光没有望向罗伦斯。纽希拉和特雷欧村相隔遥远，何况他们双方都已不再年轻，一般想来，再会是很难的。 ‖ ►罗伦斯将视线从艾尔莎的侧像上移开，和她一样望着面前，开口说。 ‖ “唯独这句话，请你一定要对赫萝讲出来。”?????????????????? ‖ 他不知道此时艾尔莎的视线是否正盯着自己。	罗伦斯将视线从艾尔莎的侧像上移开，和她一样望着面前，开口说。	罗伦斯	0.55	罗伦斯			
1-53	1	53	dialogue	explicit	“最初寄那封信给你们的时候，我没有抱多少希望。但还是在意想不到的地方见到了你们二位，既然如此，我就相信我们还会再见吧。” ‖ 艾尔莎说这番话的时候，目光没有望向罗伦斯。纽希拉和特雷欧村相隔遥远，何况他们双方都已不再年轻，一般想来，再会是很难的。 ‖ 罗伦斯将视线从艾尔莎的侧像上移开，和她一样望着面前，开口说。 ‖ ►“唯独这句话，请你一定要对赫萝讲出来。”?????????????????? ‖ 他不知道此时艾尔莎的视线是否正盯着自己。 ‖ 只看到城镇广场上最热闹的那家酒馆前，今日依旧铺开酒宴佳肴。	唯独这句话，请你一定要对赫萝讲出来。	赫萝	0.95	罗伦斯	艾尔莎	y	
1-54	1	54	action	物理	艾尔莎说这番话的时候，目光没有望向罗伦斯。纽希拉和特雷欧村相隔遥远，何况他们双方都已不再年轻，一般想来，再会是很难的。 ‖ 罗伦斯将视线从艾尔莎的侧像上移开，和她一样望着面前，开口说。 ‖ “唯独这句话，请你一定要对赫萝讲出来。”?????????????????? ‖ ►他不知道此时艾尔莎的视线是否正盯着自己。 ‖ 只看到城镇广场上最热闹的那家酒馆前，今日依旧铺开酒宴佳肴。 ‖ 即便在那样的骚乱嘈杂里，他也很快辨认出了那个轮廓，罗伦斯心中挚爱的那头狼的背影。	他不知道此时艾尔莎的视线是否正盯着自己。	艾尔莎	0.55	艾尔莎			
1-56	1	56	action	物理	“唯独这句话，请你一定要对赫萝讲出来。”?????????????????? ‖ 他不知道此时艾尔莎的视线是否正盯着自己。 ‖ 只看到城镇广场上最热闹的那家酒馆前，今日依旧铺开酒宴佳肴。 ‖ ►即便在那样的骚乱嘈杂里，他也很快辨认出了那个轮廓，罗伦斯心中挚爱的那头狼的背影。 ‖ “能不能好好地说出口，我心里有点没自信。” ‖ 尽管艾尔莎嘴上是这样说，但与赫萝以及塔妮娅汇合之后，罗伦斯如事先承诺地一样提起了今后的话题，艾尔莎还是很淡然地说出了她要说的话：自己差不多该回到特雷欧村去了，能与赫萝再会，她感到很开心。	即便在那样的骚乱嘈杂里，他也很快辨认出了那个轮廓，罗伦斯心中挚爱的那头狼的背影。	罗伦斯	0.55	罗伦斯			
1-57	1	57	dialogue	anaphoric	他不知道此时艾尔莎的视线是否正盯着自己。 ‖ 只看到城镇广场上最热闹的那家酒馆前，今日依旧铺开酒宴佳肴。 ‖ 即便在那样的骚乱嘈杂里，他也很快辨认出了那个轮廓，罗伦斯心中挚爱的那头狼的背影。 ‖ ►“能不能好好地说出口，我心里有点没自信。” ‖ 尽管艾尔莎嘴上是这样说，但与赫萝以及塔妮娅汇合之后，罗伦斯如事先承诺地一样提起了今后的话题，艾尔莎还是很淡然地说出了她要说的话：自己差不多该回到特雷欧村去了，能与赫萝再会，她感到很开心。 ‖ 也许是因为已经喝醉了酒，又或是因为要在塔妮娅面前表现出大姐的气度，赫萝没有对艾尔莎的道别表现出多悲伤的模样。	能不能好好地说出口，我心里有点没自信。	艾尔莎	0.65	艾尔莎		y	
1-58	1	58	action	物理	只看到城镇广场上最热闹的那家酒馆前，今日依旧铺开酒宴佳肴。 ‖ 即便在那样的骚乱嘈杂里，他也很快辨认出了那个轮廓，罗伦斯心中挚爱的那头狼的背影。 ‖ “能不能好好地说出口，我心里有点没自信。” ‖ ►尽管艾尔莎嘴上是这样说，但与赫萝以及塔妮娅汇合之后，罗伦斯如事先承诺地一样提起了今后的话题，艾尔莎还是很淡然地说出了她要说的话：自己差不多该回到特雷欧村去了，能与赫萝再会，她感到很开心。 ‖ 也许是因为已经喝醉了酒，又或是因为要在塔妮娅面前表现出大姐的气度，赫萝没有对艾尔莎的道别表现出多悲伤的模样。 ‖ 再会吧。艾尔莎对她说出稍早了一些的道别之辞后，赫萝也表现得很积极，似乎是已经开始期待彼此的重逢了。	尽管艾尔莎嘴上是这样说，但与赫萝以及塔妮娅汇合之后，罗伦斯如事先承诺地一样提起了今后的话题，艾尔莎还是很淡然地说出了她要说的话：自己差不多该回到特雷欧村去了，能与赫萝再会，她感到很开心。	艾尔莎	0.55	艾尔莎			
1-59	1	59	action	物理	即便在那样的骚乱嘈杂里，他也很快辨认出了那个轮廓，罗伦斯心中挚爱的那头狼的背影。 ‖ “能不能好好地说出口，我心里有点没自信。” ‖ 尽管艾尔莎嘴上是这样说，但与赫萝以及塔妮娅汇合之后，罗伦斯如事先承诺地一样提起了今后的话题，艾尔莎还是很淡然地说出了她要说的话：自己差不多该回到特雷欧村去了，能与赫萝再会，她感到很开心。 ‖ ►也许是因为已经喝醉了酒，又或是因为要在塔妮娅面前表现出大姐的气度，赫萝没有对艾尔莎的道别表现出多悲伤的模样。 ‖ 再会吧。艾尔莎对她说出稍早了一些的道别之辞后，赫萝也表现得很积极，似乎是已经开始期待彼此的重逢了。 ‖ 当天晚上，塔妮娅和艾尔莎一同回到教会，罗伦斯则是拉着脚下已经踉踉跄跄的赫萝回到旅舍。他有了一种错觉，仿佛赫萝是借着酒力才承担住了旅途中难免的离别寂寞，并且将它轻轻地放在脚旁。	也许是因为已经喝醉了酒，又或是因为要在塔妮娅面前表现出大姐的气度，赫萝没有对艾尔莎的道别表现出多悲伤的模样。	赫萝	0.55	赫萝			
1-60	1	60	action	心理	“能不能好好地说出口，我心里有点没自信。” ‖ 尽管艾尔莎嘴上是这样说，但与赫萝以及塔妮娅汇合之后，罗伦斯如事先承诺地一样提起了今后的话题，艾尔莎还是很淡然地说出了她要说的话：自己差不多该回到特雷欧村去了，能与赫萝再会，她感到很开心。 ‖ 也许是因为已经喝醉了酒，又或是因为要在塔妮娅面前表现出大姐的气度，赫萝没有对艾尔莎的道别表现出多悲伤的模样。 ‖ ►再会吧。艾尔莎对她说出稍早了一些的道别之辞后，赫萝也表现得很积极，似乎是已经开始期待彼此的重逢了。 ‖ 当天晚上，塔妮娅和艾尔莎一同回到教会，罗伦斯则是拉着脚下已经踉踉跄跄的赫萝回到旅舍。他有了一种错觉，仿佛赫萝是借着酒力才承担住了旅途中难免的离别寂寞，并且将它轻轻地放在脚旁。 ‖ 然后一夜过去，到了今天，赫萝一早又鼓起了十二分干劲，踌躇满志地加入了饮酒比试的人群中。罗伦斯则是从旅舍里眺望着妻子的英姿，脑海中开始盘算起启程的事宜。	再会吧。艾尔莎对她说出稍早了一些的道别之辞后，赫萝也表现得很积极，似乎是已经开始期待彼此的重逢了。	艾尔莎	0.55	艾尔莎			
1-61	1	61	action	物理	尽管艾尔莎嘴上是这样说，但与赫萝以及塔妮娅汇合之后，罗伦斯如事先承诺地一样提起了今后的话题，艾尔莎还是很淡然地说出了她要说的话：自己差不多该回到特雷欧村去了，能与赫萝再会，她感到很开心。 ‖ 也许是因为已经喝醉了酒，又或是因为要在塔妮娅面前表现出大姐的气度，赫萝没有对艾尔莎的道别表现出多悲伤的模样。 ‖ 再会吧。艾尔莎对她说出稍早了一些的道别之辞后，赫萝也表现得很积极，似乎是已经开始期待彼此的重逢了。 ‖ ►当天晚上，塔妮娅和艾尔莎一同回到教会，罗伦斯则是拉着脚下已经踉踉跄跄的赫萝回到旅舍。他有了一种错觉，仿佛赫萝是借着酒力才承担住了旅途中难免的离别寂寞，并且将它轻轻地放在脚旁。 ‖ 然后一夜过去，到了今天，赫萝一早又鼓起了十二分干劲，踌躇满志地加入了饮酒比试的人群中。罗伦斯则是从旅舍里眺望着妻子的英姿，脑海中开始盘算起启程的事宜。 ‖ 启程。这个字眼总是带着一种倦怠，但罗伦斯另有一项重大使命——要确认独生女儿缪莉过得怎样。他有千百重即刻就背起行囊迈开脚步的理由，却没有丝毫拖拖拉拉的道理。	当天晚上，塔妮娅和艾尔莎一同回到教会，罗伦斯则是拉着脚下已经踉踉跄跄的赫萝回到旅舍。他有了一种错觉，仿佛赫萝是借着酒力才承担住了旅途中难免的离别寂寞，并且将它轻轻地放在脚旁。	艾尔莎	0.55	艾尔莎			
1-62	1	62	action	心理	也许是因为已经喝醉了酒，又或是因为要在塔妮娅面前表现出大姐的气度，赫萝没有对艾尔莎的道别表现出多悲伤的模样。 ‖ 再会吧。艾尔莎对她说出稍早了一些的道别之辞后，赫萝也表现得很积极，似乎是已经开始期待彼此的重逢了。 ‖ 当天晚上，塔妮娅和艾尔莎一同回到教会，罗伦斯则是拉着脚下已经踉踉跄跄的赫萝回到旅舍。他有了一种错觉，仿佛赫萝是借着酒力才承担住了旅途中难免的离别寂寞，并且将它轻轻地放在脚旁。 ‖ ►然后一夜过去，到了今天，赫萝一早又鼓起了十二分干劲，踌躇满志地加入了饮酒比试的人群中。罗伦斯则是从旅舍里眺望着妻子的英姿，脑海中开始盘算起启程的事宜。 ‖ 启程。这个字眼总是带着一种倦怠，但罗伦斯另有一项重大使命——要确认独生女儿缪莉过得怎样。他有千百重即刻就背起行囊迈开脚步的理由，却没有丝毫拖拖拉拉的道理。 ‖ 尽管如此，师傅的旧事却浮现在脑海中，这大概是因为他内心也对接下来的行程有一抹不安。	然后一夜过去，到了今天，赫萝一早又鼓起了十二分干劲，踌躇满志地加入了饮酒比试的人群中。罗伦斯则是从旅舍里眺望着妻子的英姿，脑海中开始盘算起启程的事宜。	赫萝	0.55	赫萝			
1-63	1	63	action	物理	再会吧。艾尔莎对她说出稍早了一些的道别之辞后，赫萝也表现得很积极，似乎是已经开始期待彼此的重逢了。 ‖ 当天晚上，塔妮娅和艾尔莎一同回到教会，罗伦斯则是拉着脚下已经踉踉跄跄的赫萝回到旅舍。他有了一种错觉，仿佛赫萝是借着酒力才承担住了旅途中难免的离别寂寞，并且将它轻轻地放在脚旁。 ‖ 然后一夜过去，到了今天，赫萝一早又鼓起了十二分干劲，踌躇满志地加入了饮酒比试的人群中。罗伦斯则是从旅舍里眺望着妻子的英姿，脑海中开始盘算起启程的事宜。 ‖ ►启程。这个字眼总是带着一种倦怠，但罗伦斯另有一项重大使命——要确认独生女儿缪莉过得怎样。他有千百重即刻就背起行囊迈开脚步的理由，却没有丝毫拖拖拉拉的道理。 ‖ 尽管如此，师傅的旧事却浮现在脑海中，这大概是因为他内心也对接下来的行程有一抹不安。 ‖ 不安的理由，并非是缪莉的行踪依然不清楚，也并非是接下来的冬日旅路要面临诸多艰辛，而是更低俗的，更易懂的，可能还会让一些人大跌眼镜的问题。	启程。这个字眼总是带着一种倦怠，但罗伦斯另有一项重大使命——要确认独生女儿缪莉过得怎样。他有千百重即刻就背起行囊迈开脚步的理由，却没有丝毫拖拖拉拉的道理。	罗伦斯	0.55	罗伦斯			
1-64	1	64	action	物理	当天晚上，塔妮娅和艾尔莎一同回到教会，罗伦斯则是拉着脚下已经踉踉跄跄的赫萝回到旅舍。他有了一种错觉，仿佛赫萝是借着酒力才承担住了旅途中难免的离别寂寞，并且将它轻轻地放在脚旁。 ‖ 然后一夜过去，到了今天，赫萝一早又鼓起了十二分干劲，踌躇满志地加入了饮酒比试的人群中。罗伦斯则是从旅舍里眺望着妻子的英姿，脑海中开始盘算起启程的事宜。 ‖ 启程。这个字眼总是带着一种倦怠，但罗伦斯另有一项重大使命——要确认独生女儿缪莉过得怎样。他有千百重即刻就背起行囊迈开脚步的理由，却没有丝毫拖拖拉拉的道理。 ‖ ►尽管如此，师傅的旧事却浮现在脑海中，这大概是因为他内心也对接下来的行程有一抹不安。 ‖ 不安的理由，并非是缪莉的行踪依然不清楚，也并非是接下来的冬日旅路要面临诸多艰辛，而是更低俗的，更易懂的，可能还会让一些人大跌眼镜的问题。 ‖ 罗伦斯担心的是，与艾尔莎等人度过了意想不到、头晕目眩的热闹日子之后接踵而来的，那种挥之不去的寂寞感。	尽管如此，师傅的旧事却浮现在脑海中，这大概是因为他内心也对接下来的行程有一抹不安。	艾尔莎	0.30	艾尔莎			
1-66	1	66	action	心理	启程。这个字眼总是带着一种倦怠，但罗伦斯另有一项重大使命——要确认独生女儿缪莉过得怎样。他有千百重即刻就背起行囊迈开脚步的理由，却没有丝毫拖拖拉拉的道理。 ‖ 尽管如此，师傅的旧事却浮现在脑海中，这大概是因为他内心也对接下来的行程有一抹不安。 ‖ 不安的理由，并非是缪莉的行踪依然不清楚，也并非是接下来的冬日旅路要面临诸多艰辛，而是更低俗的，更易懂的，可能还会让一些人大跌眼镜的问题。 ‖ ►罗伦斯担心的是，与艾尔莎等人度过了意想不到、头晕目眩的热闹日子之后接踵而来的，那种挥之不去的寂寞感。 ‖ 野猫一样的师傅之所以不愿与人深交，或许是因为他实在是谨慎极了，胆小极了，宁可舍弃旅途人脉带来的商机，也不愿意被退潮一样的寂寥感缠身。罗伦斯不禁在心中如此猜想。 ‖ 罗伦斯与他的告别也是一样唐突。某日早上睁开眼睛，师傅就消失了踪影。	罗伦斯担心的是，与艾尔莎等人度过了意想不到、头晕目眩的热闹日子之后接踵而来的，那种挥之不去的寂寞感。	罗伦斯	0.55	罗伦斯			
1-67	1	67	action	心理	尽管如此，师傅的旧事却浮现在脑海中，这大概是因为他内心也对接下来的行程有一抹不安。 ‖ 不安的理由，并非是缪莉的行踪依然不清楚，也并非是接下来的冬日旅路要面临诸多艰辛，而是更低俗的，更易懂的，可能还会让一些人大跌眼镜的问题。 ‖ 罗伦斯担心的是，与艾尔莎等人度过了意想不到、头晕目眩的热闹日子之后接踵而来的，那种挥之不去的寂寞感。 ‖ ►野猫一样的师傅之所以不愿与人深交，或许是因为他实在是谨慎极了，胆小极了，宁可舍弃旅途人脉带来的商机，也不愿意被退潮一样的寂寥感缠身。罗伦斯不禁在心中如此猜想。 ‖ 罗伦斯与他的告别也是一样唐突。某日早上睁开眼睛，师傅就消失了踪影。 ‖ 被丢下了，被舍弃了，还想再让师傅陪自己走一程——这些想法都没有在罗伦斯的脑海里出现过。原因是他忽地变成了孤零零的一个人，单是为了活下去，就要竭尽全力，使出吃奶的劲来。他无暇去想。	野猫一样的师傅之所以不愿与人深交，或许是因为他实在是谨慎极了，胆小极了，宁可舍弃旅途人脉带来的商机，也不愿意被退潮一样的寂寥感缠身。罗伦斯不禁在心中如此猜想。	罗伦斯	0.55	罗伦斯			
1-68	1	68	action	物理	不安的理由，并非是缪莉的行踪依然不清楚，也并非是接下来的冬日旅路要面临诸多艰辛，而是更低俗的，更易懂的，可能还会让一些人大跌眼镜的问题。 ‖ 罗伦斯担心的是，与艾尔莎等人度过了意想不到、头晕目眩的热闹日子之后接踵而来的，那种挥之不去的寂寞感。 ‖ 野猫一样的师傅之所以不愿与人深交，或许是因为他实在是谨慎极了，胆小极了，宁可舍弃旅途人脉带来的商机，也不愿意被退潮一样的寂寥感缠身。罗伦斯不禁在心中如此猜想。 ‖ ►罗伦斯与他的告别也是一样唐突。某日早上睁开眼睛，师傅就消失了踪影。 ‖ 被丢下了，被舍弃了，还想再让师傅陪自己走一程——这些想法都没有在罗伦斯的脑海里出现过。原因是他忽地变成了孤零零的一个人，单是为了活下去，就要竭尽全力，使出吃奶的劲来。他无暇去想。 ‖ 终于能以旅行商人的身份安稳下来，再想起与师傅的离别时，过去的记忆都已经被磨平了棱角，没带来什么剧痛就沉降到了内心深处。	罗伦斯与他的告别也是一样唐突。某日早上睁开眼睛，师傅就消失了踪影。	罗伦斯	0.55	罗伦斯			
1-69	1	69	action	心理	罗伦斯担心的是，与艾尔莎等人度过了意想不到、头晕目眩的热闹日子之后接踵而来的，那种挥之不去的寂寞感。 ‖ 野猫一样的师傅之所以不愿与人深交，或许是因为他实在是谨慎极了，胆小极了，宁可舍弃旅途人脉带来的商机，也不愿意被退潮一样的寂寥感缠身。罗伦斯不禁在心中如此猜想。 ‖ 罗伦斯与他的告别也是一样唐突。某日早上睁开眼睛，师傅就消失了踪影。 ‖ ►被丢下了，被舍弃了，还想再让师傅陪自己走一程——这些想法都没有在罗伦斯的脑海里出现过。原因是他忽地变成了孤零零的一个人，单是为了活下去，就要竭尽全力，使出吃奶的劲来。他无暇去想。 ‖ 终于能以旅行商人的身份安稳下来，再想起与师傅的离别时，过去的记忆都已经被磨平了棱角，没带来什么剧痛就沉降到了内心深处。 ‖ 那一定是师傅表达的体贴。如今，罗伦斯在心中得出了这样的结论。	被丢下了，被舍弃了，还想再让师傅陪自己走一程——这些想法都没有在罗伦斯的脑海里出现过。原因是他忽地变成了孤零零的一个人，单是为了活下去，就要竭尽全力，使出吃奶的劲来。他无暇去想。	罗伦斯	0.55	罗伦斯			
1-70	1	70	action	心理	野猫一样的师傅之所以不愿与人深交，或许是因为他实在是谨慎极了，胆小极了，宁可舍弃旅途人脉带来的商机，也不愿意被退潮一样的寂寥感缠身。罗伦斯不禁在心中如此猜想。 ‖ 罗伦斯与他的告别也是一样唐突。某日早上睁开眼睛，师傅就消失了踪影。 ‖ 被丢下了，被舍弃了，还想再让师傅陪自己走一程——这些想法都没有在罗伦斯的脑海里出现过。原因是他忽地变成了孤零零的一个人，单是为了活下去，就要竭尽全力，使出吃奶的劲来。他无暇去想。 ‖ ►终于能以旅行商人的身份安稳下来，再想起与师傅的离别时，过去的记忆都已经被磨平了棱角，没带来什么剧痛就沉降到了内心深处。 ‖ 那一定是师傅表达的体贴。如今，罗伦斯在心中得出了这样的结论。 ‖ 当初显得漫不经心，过后才渐渐明白其分量。那个性格偏颇的师傅如此的方法论是否正确，尚有一番议论余地，无论如何，罗伦斯确实是学到了何为气魄。回顾自己的人生路，他甚至觉得这一点才是最为宝贵的，胜过他学到的其他任何关于经商的技巧。	终于能以旅行商人的身份安稳下来，再想起与师傅的离别时，过去的记忆都已经被磨平了棱角，没带来什么剧痛就沉降到了内心深处。	罗伦斯	0.55	罗伦斯			
1-71	1	71	action	物理	罗伦斯与他的告别也是一样唐突。某日早上睁开眼睛，师傅就消失了踪影。 ‖ 被丢下了，被舍弃了，还想再让师傅陪自己走一程——这些想法都没有在罗伦斯的脑海里出现过。原因是他忽地变成了孤零零的一个人，单是为了活下去，就要竭尽全力，使出吃奶的劲来。他无暇去想。 ‖ 终于能以旅行商人的身份安稳下来，再想起与师傅的离别时，过去的记忆都已经被磨平了棱角，没带来什么剧痛就沉降到了内心深处。 ‖ ►那一定是师傅表达的体贴。如今，罗伦斯在心中得出了这样的结论。 ‖ 当初显得漫不经心，过后才渐渐明白其分量。那个性格偏颇的师傅如此的方法论是否正确，尚有一番议论余地，无论如何，罗伦斯确实是学到了何为气魄。回顾自己的人生路，他甚至觉得这一点才是最为宝贵的，胜过他学到的其他任何关于经商的技巧。 ‖ 那么，自己也要在旅伴面对同样的境遇时，好好对她关心一番才行。	那一定是师傅表达的体贴。如今，罗伦斯在心中得出了这样的结论。	罗伦斯	0.55	罗伦斯			
1-72	1	72	action	心理	被丢下了，被舍弃了，还想再让师傅陪自己走一程——这些想法都没有在罗伦斯的脑海里出现过。原因是他忽地变成了孤零零的一个人，单是为了活下去，就要竭尽全力，使出吃奶的劲来。他无暇去想。 ‖ 终于能以旅行商人的身份安稳下来，再想起与师傅的离别时，过去的记忆都已经被磨平了棱角，没带来什么剧痛就沉降到了内心深处。 ‖ 那一定是师傅表达的体贴。如今，罗伦斯在心中得出了这样的结论。 ‖ ►当初显得漫不经心，过后才渐渐明白其分量。那个性格偏颇的师傅如此的方法论是否正确，尚有一番议论余地，无论如何，罗伦斯确实是学到了何为气魄。回顾自己的人生路，他甚至觉得这一点才是最为宝贵的，胜过他学到的其他任何关于经商的技巧。 ‖ 那么，自己也要在旅伴面对同样的境遇时，好好对她关心一番才行。 ‖ ——你的徒弟如今也应该算是个响当当的商人了。罗伦斯对着记忆中的师傅说完，一口气喝干了剩下的麦酒。	当初显得漫不经心，过后才渐渐明白其分量。那个性格偏颇的师傅如此的方法论是否正确，尚有一番议论余地，无论如何，罗伦斯确实是学到了何为气魄。回顾自己的人生路，他甚至觉得这一点才是最为宝贵的，胜过他学到的其他任何关于经商的技巧。	罗伦斯	0.55	罗伦斯			
1-73	1	73	action	物理	终于能以旅行商人的身份安稳下来，再想起与师傅的离别时，过去的记忆都已经被磨平了棱角，没带来什么剧痛就沉降到了内心深处。 ‖ 那一定是师傅表达的体贴。如今，罗伦斯在心中得出了这样的结论。 ‖ 当初显得漫不经心，过后才渐渐明白其分量。那个性格偏颇的师傅如此的方法论是否正确，尚有一番议论余地，无论如何，罗伦斯确实是学到了何为气魄。回顾自己的人生路，他甚至觉得这一点才是最为宝贵的，胜过他学到的其他任何关于经商的技巧。 ‖ ►那么，自己也要在旅伴面对同样的境遇时，好好对她关心一番才行。 ‖ ——你的徒弟如今也应该算是个响当当的商人了。罗伦斯对着记忆中的师傅说完，一口气喝干了剩下的麦酒。 ‖ 窗外，已然成为撒罗尼亚城中名人的赫萝，正与五大三粗的挑夫面对面地喝着交杯酒。	那么，自己也要在旅伴面对同样的境遇时，好好对她关心一番才行。	艾尔莎	0.30	艾尔莎			
1-74	1	74	action	物理	那一定是师傅表达的体贴。如今，罗伦斯在心中得出了这样的结论。 ‖ 当初显得漫不经心，过后才渐渐明白其分量。那个性格偏颇的师傅如此的方法论是否正确，尚有一番议论余地，无论如何，罗伦斯确实是学到了何为气魄。回顾自己的人生路，他甚至觉得这一点才是最为宝贵的，胜过他学到的其他任何关于经商的技巧。 ‖ 那么，自己也要在旅伴面对同样的境遇时，好好对她关心一番才行。 ‖ ►——你的徒弟如今也应该算是个响当当的商人了。罗伦斯对着记忆中的师傅说完，一口气喝干了剩下的麦酒。 ‖ 窗外，已然成为撒罗尼亚城中名人的赫萝，正与五大三粗的挑夫面对面地喝着交杯酒。 ‖ “明天她大概要宿醉，看来出发不是后天，就是大后天了。”	——你的徒弟如今也应该算是个响当当的商人了。罗伦斯对着记忆中的师傅说完，一口气喝干了剩下的麦酒。	罗伦斯	0.55	罗伦斯			
1-75	1	75	action	物理	当初显得漫不经心，过后才渐渐明白其分量。那个性格偏颇的师傅如此的方法论是否正确，尚有一番议论余地，无论如何，罗伦斯确实是学到了何为气魄。回顾自己的人生路，他甚至觉得这一点才是最为宝贵的，胜过他学到的其他任何关于经商的技巧。 ‖ 那么，自己也要在旅伴面对同样的境遇时，好好对她关心一番才行。 ‖ ——你的徒弟如今也应该算是个响当当的商人了。罗伦斯对着记忆中的师傅说完，一口气喝干了剩下的麦酒。 ‖ ►窗外，已然成为撒罗尼亚城中名人的赫萝，正与五大三粗的挑夫面对面地喝着交杯酒。 ‖ “明天她大概要宿醉，看来出发不是后天，就是大后天了。” ‖ 罗伦斯自言自语地说完，然后站起身来，拿起外套走出了旅舍。	窗外，已然成为撒罗尼亚城中名人的赫萝，正与五大三粗的挑夫面对面地喝着交杯酒。	赫萝	0.55	赫萝			
1-76	1	76	dialogue	anaphoric	那么，自己也要在旅伴面对同样的境遇时，好好对她关心一番才行。 ‖ ——你的徒弟如今也应该算是个响当当的商人了。罗伦斯对着记忆中的师傅说完，一口气喝干了剩下的麦酒。 ‖ 窗外，已然成为撒罗尼亚城中名人的赫萝，正与五大三粗的挑夫面对面地喝着交杯酒。 ‖ ►“明天她大概要宿醉，看来出发不是后天，就是大后天了。” ‖ 罗伦斯自言自语地说完，然后站起身来，拿起外套走出了旅舍。 ‖ 仍旧开着的木窗外，喝干了酒的赫萝高举起大酒杯，接受着众人的欢呼喝彩。	明天她大概要宿醉，看来出发不是后天，就是大后天了。	罗伦斯	0.65	罗伦斯	赫萝	y	
1-77	1	77	action	物理	——你的徒弟如今也应该算是个响当当的商人了。罗伦斯对着记忆中的师傅说完，一口气喝干了剩下的麦酒。 ‖ 窗外，已然成为撒罗尼亚城中名人的赫萝，正与五大三粗的挑夫面对面地喝着交杯酒。 ‖ “明天她大概要宿醉，看来出发不是后天，就是大后天了。” ‖ ►罗伦斯自言自语地说完，然后站起身来，拿起外套走出了旅舍。 ‖ 仍旧开着的木窗外，喝干了酒的赫萝高举起大酒杯，接受着众人的欢呼喝彩。	罗伦斯自言自语地说完，然后站起身来，拿起外套走出了旅舍。	罗伦斯	0.55	罗伦斯			
1-78	1	78	action	物理	窗外，已然成为撒罗尼亚城中名人的赫萝，正与五大三粗的挑夫面对面地喝着交杯酒。 ‖ “明天她大概要宿醉，看来出发不是后天，就是大后天了。” ‖ 罗伦斯自言自语地说完，然后站起身来，拿起外套走出了旅舍。 ‖ ►仍旧开着的木窗外，喝干了酒的赫萝高举起大酒杯，接受着众人的欢呼喝彩。	仍旧开着的木窗外，喝干了酒的赫萝高举起大酒杯，接受着众人的欢呼喝彩。	赫萝	0.55	赫萝			
