uid	buckets	involves(两臂一致)	verdict(ok/改:involves)	note	text
1_15	互换	艾尔莎:说:high	ok		“祭典结束之后，我打算回家去。”
1_18	互换	罗伦斯:说:high	ok		“你不先对赫萝说吗？”
1_19	群戏	艾尔莎:做:med;赫萝:做:med;罗伦斯:做:low	ok		似乎赫萝和艾尔莎她们在关税纠纷期间有了不少交流，而罗伦斯对这些经纬并不了解。如今艾尔莎还是会不时劝诫赫萝，赫萝还是会露出不耐烦的模样，但从那一来一往中也能感受到，她们之间的关系变得比以往更好了。
1_26	焦点低	艾尔莎:做:low	involves	叙述	艾尔莎原本出身在一个名叫特雷欧的小村里，守着抚养她长大的父亲留下的教会静静生活。此后随着世间对教会的态度愈发严厉，为了处理与教会有关的各种财产与特许问题，她被各处教会召唤，一直到这个极北之地。
1_27	群戏|焦点低	艾凡:做:low	involves	叙述	她的丈夫艾凡在罗伦斯记忆中还是个磨面粉的少年，个性朴实又热情。如今艾凡还留在特雷欧村，据说两人间已经有了三个孩子。
1_41	焦点低	罗伦斯:做:low	involves	叙述	刚刚与罗伦斯相遇时的艾尔莎，恐怕会以事实就是事实为理由，毫不犹豫地开口同赫萝告别。
1_61	群戏	塔妮娅:做:high;艾尔莎:做:high;罗伦斯:做:high;赫萝:做:med	ok		当天晚上，塔妮娅和艾尔莎一同回到教会，罗伦斯则是拉着脚下已经踉踉跄跄的赫萝回到旅舍。他有了一种错觉，仿佛赫萝是借着酒力才承担住了旅途中难免的离别寂寞，并且将它轻轻地放在脚旁。
1_75	群戏	赫萝:做:high;-:做:low	ok		窗外，已然成为撒罗尼亚城中名人的赫萝，正与五大三粗的挑夫面对面地喝着交杯酒。
1_78	群戏	赫萝:做:high;-:做:low	ok		仍旧开着的木窗外，喝干了酒的赫萝高举起大酒杯，接受着众人的欢呼喝彩。
